model,lead,fold,evaluation_window,metric,value,ci_lower,ci_upper,std,n_replicates
climatology,1,pooled,winter_only,mae,0.8286977696882422,0.749137751540466,0.9081909332697257,0.041400221126425704,1000
climatology,1,pooled,winter_only,rmse,0.9941703188619865,0.906546121450965,1.0769043522475044,0.04485777105256103,1000
climatology,1,pooled,winter_only,pearson_r,-0.12182912348155554,-0.23348892198946233,-0.025516924885544308,0.054324391027561744,1000
climatology,1,pooled,winter_only,acc,,,,,1000
climatology,1,pooled,winter_only,msss_vs_climatology,0.0,0.0,0.0,0.0,1000
climatology,1,pooled,winter_only,msss_vs_persistence,-0.9622382118828263,-1.5868006443487492,-0.49382631704318575,0.274683272350246,1000
persistence,1,pooled,winter_only,mae,0.5508059027750101,0.4879485554488224,0.6165292659103772,0.03278324673992789,1000
persistence,1,pooled,winter_only,rmse,0.7097165433795117,0.6368983883927706,0.7817098554262611,0.037579116456307904,1000
persistence,1,pooled,winter_only,pearson_r,0.7193301145149908,0.6401484765749572,0.7796366551476382,0.03442479477975989,1000
persistence,1,pooled,winter_only,acc,0.7214609503465781,0.6451740768729517,0.7816504670452542,0.03390581344127705,1000
persistence,1,pooled,winter_only,msss_vs_climatology,0.4903778787181654,0.3305781336073101,0.6134220490845373,0.0707823394971222,1000
persistence,1,pooled,winter_only,msss_vs_persistence,0.0,0.0,0.0,0.0,1000
ar,1,pooled,winter_only,mae,0.5077997135741072,0.46442627550894106,0.5485919146579034,0.0220790361437127,1000
ar,1,pooled,winter_only,rmse,0.6230151109492155,0.5713883125224801,0.6678993007695573,0.02490679224187096,1000
ar,1,pooled,winter_only,pearson_r,0.7659557002150633,0.7040428200450639,0.8189950741204801,0.02968128281659042,1000
ar,1,pooled,winter_only,acc,0.7713130895819225,0.7119592763449066,0.8226465243521317,0.028591815667545376,1000
ar,1,pooled,winter_only,msss_vs_climatology,0.6072867316951319,0.531624732032079,0.6723158578228208,0.03560660822960266,1000
ar,1,pooled,winter_only,msss_vs_persistence,0.22940301861879508,0.0960910273660955,0.3342968113747257,0.05887202823532525,1000
ridge,1,pooled,winter_only,mae,0.4570513555479996,0.4134655708716619,0.5017455935644177,0.02282997306426605,1000
ridge,1,pooled,winter_only,rmse,0.5687180882122869,0.5123550266114344,0.618833703774615,0.027461569698915604,1000
ridge,1,pooled,winter_only,pearson_r,0.806202404337753,0.7440249841541436,0.8520379763009245,0.026840556144445978,1000
ridge,1,pooled,winter_only,acc,0.809533927250756,0.7500492089385096,0.8555975240642817,0.025904339898232556,1000
ridge,1,pooled,winter_only,msss_vs_climatology,0.6727553941957568,0.5790630907144574,0.7422706578573921,0.039942647199472346,1000
ridge,1,pooled,winter_only,msss_vs_persistence,0.35786812985838146,0.19772949288685762,0.48897785332984905,0.07471220047997257,1000
lasso,1,pooled,winter_only,mae,0.4448612707000131,0.40545879930736617,0.48221430141881,0.019953323068425732,1000
lasso,1,pooled,winter_only,rmse,0.5497016516898572,0.5023072433923023,0.591926526762366,0.023502328219311638,1000
lasso,1,pooled,winter_only,pearson_r,0.820377128995103,0.7649521796260952,0.8615042669375569,0.024009944551473816,1000
lasso,1,pooled,winter_only,acc,0.8237357305442308,0.7696250829320357,0.8645266387684252,0.02314443535128458,1000
lasso,1,pooled,winter_only,msss_vs_climatology,0.6942739130815874,0.6170911773148559,0.7524191305478141,0.034493568192155204,1000
lasso,1,pooled,winter_only,msss_vs_persistence,0.4000925898792804,0.2719204241274449,0.5122244209648119,0.062374162576266046,1000
elasticnet,1,pooled,winter_only,mae,0.4530574923858231,0.41420086264423167,0.49016302475976403,0.020134904190038987,1000
elasticnet,1,pooled,winter_only,rmse,0.5588186935569457,0.5119482990378023,0.6007684954334701,0.02320243784625426,1000
elasticnet,1,pooled,winter_only,pearson_r,0.8156231944126705,0.7573745604444699,0.8571287375153266,0.024470560166051605,1000
elasticnet,1,pooled,winter_only,acc,0.819076070932182,0.7633696379299547,0.8602082983687223,0.023587140921564338,1000
elasticnet,1,pooled,winter_only,msss_vs_climatology,0.6840486137225059,0.6073585710495887,0.7454859940593264,0.03497757274013047,1000
elasticnet,1,pooled,winter_only,msss_vs_persistence,0.38002811674895,0.23932004956901273,0.5001751503009276,0.06629981237734653,1000
rf,1,pooled,winter_only,mae,0.4696364461296705,0.42966298523830543,0.5066768676091055,0.01989794062282382,1000
rf,1,pooled,winter_only,rmse,0.5682984008840198,0.524252983176146,0.6081683301854715,0.021746557430723516,1000
rf,1,pooled,winter_only,pearson_r,0.8085742611301013,0.7586185581827245,0.8467772354422055,0.023001880253608286,1000
rf,1,pooled,winter_only,acc,0.8124051470873576,0.7647690426658981,0.8494886627159871,0.022057841789332674,1000
rf,1,pooled,winter_only,msss_vs_climatology,0.673238198389071,0.6034078818723915,0.7310382974099481,0.032999840490286356,1000
rf,1,pooled,winter_only,msss_vs_persistence,0.3588155066953599,0.2233296520672994,0.4625577842600904,0.05922389270226259,1000
xgboost,1,pooled,winter_only,mae,0.45848151846979474,0.41681834757869196,0.501959706023063,0.02216909228177526,1000
xgboost,1,pooled,winter_only,rmse,0.5545588231986746,0.5066697624384103,0.6013628446633772,0.024420556549740784,1000
xgboost,1,pooled,winter_only,pearson_r,0.8167950576168531,0.7672680446982435,0.8543736313782384,0.022532304297191906,1000
xgboost,1,pooled,winter_only,acc,0.8201602047652776,0.7740371878822195,0.8553235821279784,0.021572267003504075,1000
xgboost,1,pooled,winter_only,msss_vs_climatology,0.6888472434842123,0.6098656410169422,0.7499450504582583,0.03598824781478553,1000
xgboost,1,pooled,winter_only,msss_vs_persistence,0.38944417143204846,0.2465376855519403,0.502473815308789,0.06545494923019032,1000
climatology,1,pooled,all_months,mae,0.8277905598206041,0.7741525914131958,0.8833786457039368,0.028446487777159187,1000
climatology,1,pooled,all_months,rmse,0.9970401689578062,0.9346755238600789,1.0584382624191528,0.031428625460121595,1000
climatology,1,pooled,all_months,pearson_r,-0.22403325925209222,-0.3018461100536391,-0.14937464167807585,0.039547880051558064,1000
climatology,1,pooled,all_months,acc,,,,,1000
climatology,1,pooled,all_months,msss_vs_climatology,0.0,0.0,0.0,0.0,1000
climatology,1,pooled,all_months,msss_vs_persistence,-0.5834519398557438,-0.86967779815287,-0.368505911719986,0.1312904267924595,1000
persistence,1,pooled,all_months,mae,0.6083070006521305,0.5632590899281289,0.6554248918678303,0.02329114282601637,1000
persistence,1,pooled,all_months,rmse,0.792337502846109,0.737356885984835,0.8479052771119603,0.028917531006568784,1000
persistence,1,pooled,all_months,pearson_r,0.6558504016889375,0.6025120253034569,0.7005511250929836,0.025332370266914313,1000
persistence,1,pooled,all_months,acc,0.6654066439322542,0.6126991425045244,0.7087143980404907,0.02490981840429979,1000
persistence,1,pooled,all_months,msss_vs_climatology,0.3684683602767872,0.26927602902718023,0.46514847462433584,0.05178997443260642,1000
persistence,1,pooled,all_months,msss_vs_persistence,0.0,0.0,0.0,0.0,1000
ar,1,pooled,all_months,mae,0.5627774788173442,0.5295837124083889,0.5923538510798266,0.016067129083165044,1000
ar,1,pooled,all_months,rmse,0.7081350215798251,0.664424385552793,0.7494344029252005,0.021511122730495994,1000
ar,1,pooled,all_months,pearson_r,0.680057213124668,0.6300438889123529,0.7248328806667562,0.024121712106336693,1000
ar,1,pooled,all_months,acc,0.6951482081039375,0.646489470148453,0.7370817920198972,0.02318386539122443,1000
ar,1,pooled,all_months,msss_vs_climatology,0.4955631144766188,0.4304808920203283,0.5534126513924498,0.031686628547511954,1000
ar,1,pooled,all_months,msss_vs_persistence,0.20124843508321233,0.1503256234892722,0.24155753325991589,0.022500060997709886,1000
ridge,1,pooled,all_months,mae,0.5111457574574129,0.47757663297398667,0.5427167357906643,0.016506220935340207,1000
ridge,1,pooled,all_months,rmse,0.6514771212825896,0.6090418232000873,0.6905955983220298,0.02094274344976492,1000
ridge,1,pooled,all_months,pearson_r,0.7394497134069308,0.6997459490409504,0.7739311157469326,0.018461618785884242,1000
ridge,1,pooled,all_months,acc,0.7509614825901587,0.7124945672312059,0.7831934317989648,0.017511928636315236,1000
ridge,1,pooled,all_months,msss_vs_climatology,0.5730539242523738,0.517577829066053,0.6213909707251367,0.026089200228928966,1000
ridge,1,pooled,all_months,msss_vs_persistence,0.323951408143624,0.2697248582710116,0.375005948996777,0.027167852055759265,1000
lasso,1,pooled,all_months,mae,0.506545412486598,0.473425490519463,0.5358736795533656,0.01567284150225501,1000
lasso,1,pooled,all_months,rmse,0.6448548033576023,0.6026717707457137,0.6833978307714895,0.020585416448209205,1000
lasso,1,pooled,all_months,pearson_r,0.7447628296219129,0.703068421771264,0.780844036719203,0.01941556345843927,1000
lasso,1,pooled,all_months,acc,0.7566228747882131,0.7167636387903621,0.7903994284987279,0.01844967373888164,1000
lasso,1,pooled,all_months,msss_vs_climatology,0.5816896915634717,0.5248367832877995,0.6312143179961996,0.026441179487985494,1000
lasso,1,pooled,all_months,msss_vs_persistence,0.3376257306445247,0.28583394921513056,0.38292837144605624,0.024580395012775227,1000
elasticnet,1,pooled,all_months,mae,0.5122069082733831,0.47895408086646657,0.5412755318931605,0.01568822333723854,1000
elasticnet,1,pooled,all_months,rmse,0.6502349517935317,0.6086081074893799,0.6879896746718325,0.020200052868775,1000
elasticnet,1,pooled,all_months,pearson_r,0.7403090410768638,0.6978951726702011,0.7764702721132838,0.019673067703461968,1000
elasticnet,1,pooled,all_months,acc,0.7523917967523716,0.7111427570533533,0.7867611684213173,0.018633894219511515,1000
elasticnet,1,pooled,all_months,msss_vs_climatology,0.5746804857176672,0.5183914224249083,0.6248843453892577,0.026594884649147867,1000
elasticnet,1,pooled,all_months,msss_vs_persistence,0.3265269900511374,0.27210792447381693,0.3738890096271106,0.02611723206441291,1000
rf,1,pooled,all_months,mae,0.5044764111862828,0.4721838058092382,0.5348563566446901,0.015843169688493308,1000
rf,1,pooled,all_months,rmse,0.6384865662915544,0.592130981216128,0.6847865600345127,0.023738766760640927,1000
rf,1,pooled,all_months,pearson_r,0.7497167159625331,0.7084705340073523,0.7861718359292108,0.02024671678801104,1000
rf,1,pooled,all_months,acc,0.7615070796682292,0.7223459464895502,0.7958268438494929,0.019277294418853282,1000
rf,1,pooled,all_months,msss_vs_climatology,0.5899109084451348,0.5354844818000579,0.6421378646163932,0.02745890457620571,1000
rf,1,pooled,all_months,msss_vs_persistence,0.3506436324637692,0.3014246574376835,0.3999145759056221,0.024882276540534036,1000
xgboost,1,pooled,all_months,mae,0.48388363939188345,0.4541596877649003,0.5118728486894176,0.014744740519832154,1000
xgboost,1,pooled,all_months,rmse,0.6139898911845435,0.5753192738207312,0.6475637907632714,0.018814402287409347,1000
xgboost,1,pooled,all_months,pearson_r,0.7721319102423579,0.7378912086945115,0.8021769628349883,0.01588610644803724,1000
xgboost,1,pooled,all_months,acc,0.7823601322780674,0.7500791183270599,0.8099521409402475,0.01500734928126234,1000
xgboost,1,pooled,all_months,msss_vs_climatology,0.6207748510271351,0.5737105546972532,0.6661288652889932,0.02374985725481417,1000
xgboost,1,pooled,all_months,msss_vs_persistence,0.3995152022168338,0.3407791764808426,0.45113760829411803,0.028766715734631406,1000
climatology,3,pooled,winter_only,mae,0.8347249135604385,0.7462981841007662,0.9202859713985977,0.04415294661257388,1000
climatology,3,pooled,winter_only,rmse,1.0006309820646007,0.9044403899736759,1.090109612007323,0.04621657134468046,1000
climatology,3,pooled,winter_only,pearson_r,-0.10108917128090601,-0.21890656683680512,-0.0036547779218777327,0.05724236096251117,1000
climatology,3,pooled,winter_only,acc,,,,,1000
climatology,3,pooled,winter_only,msss_vs_climatology,0.0,0.0,0.0,0.0,1000
climatology,3,pooled,winter_only,msss_vs_persistence,0.42617240365285947,0.291751922912696,0.5332535939632677,0.06335251603298646,1000
persistence,3,pooled,winter_only,mae,1.0772345022650518,0.9522308434212361,1.1927734194107247,0.05987493627806883,1000
persistence,3,pooled,winter_only,rmse,1.320940422692585,1.1814081111710102,1.4484282848004437,0.06704122303570496,1000
persistence,3,pooled,winter_only,pearson_r,0.018066305349920514,-0.1556316008081695,0.19025380355517535,0.08576398058972091,1000
persistence,3,pooled,winter_only,acc,0.01581821891105698,-0.1549617393816886,0.18732931391130322,0.08585680013031534,1000
persistence,3,pooled,winter_only,msss_vs_climatology,-0.7426837021533621,-1.1424910568316056,-0.4119348346289396,0.1891641225183639,1000
persistence,3,pooled,winter_only,msss_vs_persistence,0.0,0.0,0.0,0.0,1000
ar,3,pooled,winter_only,mae,0.8200283318328989,0.7311022990959253,0.9065965780664533,0.04346359704619328,1000
ar,3,pooled,winter_only,rmse,0.9865016352933901,0.8905725401622032,1.0745375342778982,0.046168870915446775,1000
ar,3,pooled,winter_only,pearson_r,-0.04488102643432433,-0.2135502986568889,0.11679256743301492,0.08332940115897047,1000
ar,3,pooled,winter_only,acc,0.1030892089120913,-0.012213971922659526,0.2246479324575087,0.05957234902933737,1000
ar,3,pooled,winter_only,msss_vs_climatology,0.028041487315520697,0.010728309208242436,0.047158779929637545,0.009479819124207636,1000
ar,3,pooled,winter_only,msss_vs_persistence,0.4422633829171235,0.3200108432178127,0.5412834045685871,0.0582241549746724,1000
ridge,3,pooled,winter_only,mae,0.831589777998957,0.7402824042236469,0.9225535691386924,0.046529995069982004,1000
ridge,3,pooled,winter_only,rmse,0.9998472414796034,0.8962111960903993,1.10235088204565,0.052325809070124456,1000
ridge,3,pooled,winter_only,pearson_r,-0.00035272629349475187,-0.18906976410247275,0.15796227276559188,0.08809450457833663,1000
ridge,3,pooled,winter_only,acc,0.03299211487413894,-0.14666660138393134,0.18605457578604565,0.08661545440189675,1000
ridge,3,pooled,winter_only,msss_vs_climatology,0.0015658792662934795,-0.05366285827972845,0.05644779863628507,0.029411376297154332,1000
ridge,3,pooled,winter_only,msss_vs_persistence,0.42707094838840653,0.28872781356853044,0.5387644488028868,0.06481036918848826,1000
lasso,3,pooled,winter_only,mae,0.8282875271696395,0.7378047646475342,0.9190844144509559,0.04672272840205513,1000
lasso,3,pooled,winter_only,rmse,0.9991184434720514,0.895908658587474,1.0959633549144816,0.051054921314320253,1000
lasso,3,pooled,winter_only,pearson_r,-0.1754448722184642,-0.3598661511012115,0.04857389262975587,0.1058712250755444,1000
lasso,3,pooled,winter_only,acc,-0.025213701561495012,-0.2275232209757127,0.1949755528152161,0.1093257261215601,1000
lasso,3,pooled,winter_only,msss_vs_climatology,0.003020884730653761,-0.03258543740914887,0.031571573422297654,0.01621464966882855,1000
lasso,3,pooled,winter_only,msss_vs_persistence,0.4279058706766923,0.28166524531649767,0.5411968351944402,0.06782790497412136,1000
elasticnet,3,pooled,winter_only,mae,0.8273405852821794,0.7359449638591777,0.915414672922619,0.04575551093682378,1000
elasticnet,3,pooled,winter_only,rmse,0.9971757849824013,0.8963894492190083,1.0951479936924071,0.05046326673864017,1000
elasticnet,3,pooled,winter_only,pearson_r,-0.09751828008206105,-0.2912209646160929,0.09039820946578851,0.10077621458616481,1000
elasticnet,3,pooled,winter_only,acc,0.01360815238972053,-0.1769081462019649,0.1967160340065658,0.0950975433245098,1000
elasticnet,3,pooled,winter_only,msss_vs_climatology,0.006894113243871569,-0.026292989376179566,0.037659558793039206,0.016501874356892314,1000
elasticnet,3,pooled,winter_only,msss_vs_persistence,0.4301284360845352,0.2894005133864007,0.5406891472089561,0.06637543905454042,1000
rf,3,pooled,winter_only,mae,0.8292361376066428,0.7251138813893698,0.9393730915715841,0.056619228603474174,1000
rf,3,pooled,winter_only,rmse,1.0179921400559657,0.894401784577795,1.143444836690199,0.06503991961657228,1000
rf,3,pooled,winter_only,pearson_r,0.02975981813868697,-0.194323638343205,0.21673586414997909,0.10405343851075535,1000
rf,3,pooled,winter_only,acc,0.04272538776883806,-0.18830959838266378,0.2310234240498408,0.1056205754438997,1000
rf,3,pooled,winter_only,msss_vs_climatology,-0.035001450437814885,-0.17577679867034773,0.10732943647740557,0.07100305735238843,1000
rf,3,pooled,winter_only,msss_vs_persistence,0.40608760547946465,0.2393171807315528,0.5276276143755085,0.07483472758040867,1000
xgboost,3,pooled,winter_only,mae,0.849968283039703,0.7440920191775092,0.968024709011685,0.05650220588639556,1000
xgboost,3,pooled,winter_only,rmse,1.042458204274592,0.920778445417118,1.1691644705143311,0.06440343513442091,1000
xgboost,3,pooled,winter_only,pearson_r,-0.032455165187012,-0.21285417421954803,0.1433296519878718,0.09031936514860955,1000
xgboost,3,pooled,winter_only,acc,-0.019711425309029158,-0.2116646499833773,0.1627227979271213,0.09210755917727646,1000
xgboost,3,pooled,winter_only,msss_vs_climatology,-0.08534900402957857,-0.24082060370858138,0.06164641702413269,0.07671187128669647,1000
xgboost,3,pooled,winter_only,msss_vs_persistence,0.377196789819944,0.22250802017750065,0.5048989386453948,0.07408683139845113,1000
climatology,3,pooled,all_months,mae,0.8234959640115248,0.7695457238773735,0.8751667329111624,0.02627261789271033,1000
climatology,3,pooled,all_months,rmse,0.9911082025723026,0.9312209759333648,1.0447876159220275,0.028877242891456253,1000
climatology,3,pooled,all_months,pearson_r,-0.21672120729964187,-0.2882074262829019,-0.14462275576452605,0.03667555740094359,1000
climatology,3,pooled,all_months,acc,,,,,1000
climatology,3,pooled,all_months,msss_vs_climatology,0.0,0.0,0.0,0.0,1000
climatology,3,pooled,all_months,msss_vs_persistence,0.437203090769529,0.3566585576917824,0.5038766260613214,0.03667820109244521,1000
persistence,3,pooled,all_months,mae,1.0699189610293818,0.9915124196081356,1.1527479300707877,0.04153093576106859,1000
persistence,3,pooled,all_months,rmse,1.3211289779719837,1.2180641755432156,1.4243065459564968,0.051442305150529256,1000
persistence,3,pooled,all_months,pearson_r,0.039988059661376495,-0.062164886122973724,0.1220145880700094,0.048378708546342755,1000
persistence,3,pooled,all_months,acc,0.05384603946337086,-0.048608433733745585,0.13621378106504575,0.04828038933701774,1000
persistence,3,pooled,all_months,msss_vs_climatology,-0.7768398930394442,-1.0156276707552123,-0.5543846512872449,0.11475530884704957,1000
persistence,3,pooled,all_months,msss_vs_persistence,0.0,0.0,0.0,0.0,1000
ar,3,pooled,all_months,mae,0.8063031820005715,0.7549421480808268,0.8559172174923746,0.025274661633625246,1000
ar,3,pooled,all_months,rmse,0.971372281500131,0.9138288151024322,1.0240830145422333,0.028167845511141914,1000
ar,3,pooled,all_months,pearson_r,0.03213064790231961,-0.07423227159148348,0.12039044161075674,0.05079107452529611,1000
ar,3,pooled,all_months,acc,0.2685776543602237,0.1871412023660992,0.34218892754983377,0.039100245569657216,1000
ar,3,pooled,all_months,msss_vs_climatology,0.03942943966812107,0.02513155636816145,0.05426028076481621,0.007257590941041579,1000
ar,3,pooled,all_months,msss_vs_persistence,0.4593938575474369,0.3881904635321589,0.5179380699405791,0.03256756518138386,1000
ridge,3,pooled,all_months,mae,0.8313643920038585,0.7745274431474201,0.8829339470100748,0.02698636040403359,1000
ridge,3,pooled,all_months,rmse,0.9971965872340134,0.9353721236614793,1.052970059395427,0.029204502815321064,1000
ridge,3,pooled,all_months,pearson_r,-0.022725862744981888,-0.12662005791862657,0.0628720654849504,0.04875831208417078,1000
ridge,3,pooled,all_months,acc,0.06578391079037714,-0.030300968626407642,0.14859327695207422,0.046357960736916726,1000
ridge,3,pooled,all_months,msss_vs_climatology,-0.012323750607184047,-0.04632464771878814,0.019679999011432,0.017206086994820003,1000
ridge,3,pooled,all_months,msss_vs_persistence,0.4302673220176786,0.34500706315799723,0.4987405089802678,0.03946653797177731,1000
lasso,3,pooled,all_months,mae,0.8112693713652676,0.7570563275198531,0.8637783074361953,0.026508671909601853,1000
lasso,3,pooled,all_months,rmse,0.9782270309626747,0.9183014661325566,1.0340436871656455,0.029377436515757114,1000
lasso,3,pooled,all_months,pearson_r,-0.09363869753238882,-0.18757622308507482,0.018660287781850242,0.05198783246627671,1000
lasso,3,pooled,all_months,acc,0.19998407316983416,0.10138757465030404,0.2994104561403034,0.05095474427125184,1000
lasso,3,pooled,all_months,msss_vs_climatology,0.02582455676045481,0.012652134101814275,0.0365777190615745,0.006220585154586818,1000
lasso,3,pooled,all_months,msss_vs_persistence,0.45173707149655984,0.369390491937745,0.5181800591194539,0.036975568467728766,1000
elasticnet,3,pooled,all_months,mae,0.8126315395333126,0.7592734887612161,0.8631657170285013,0.025863637391217338,1000
elasticnet,3,pooled,all_months,rmse,0.9783085521899129,0.9192153845703918,1.0323893960375965,0.02852266385195656,1000
elasticnet,3,pooled,all_months,pearson_r,-0.06447796909443745,-0.17811752013373688,0.06043190768754263,0.05989580624358127,1000
elasticnet,3,pooled,all_months,acc,0.18825652657129852,0.08929700614626973,0.285423122681539,0.050400107888787044,1000
elasticnet,3,pooled,all_months,msss_vs_climatology,0.025662182824227053,0.009312976984188346,0.04133741544533941,0.00801845177877464,1000
elasticnet,3,pooled,all_months,msss_vs_persistence,0.45164568794711124,0.36912088992681835,0.5163458821119044,0.03670829024523495,1000
rf,3,pooled,all_months,mae,0.8226729904488935,0.7678048682593094,0.8767451565342222,0.028506631010465893,1000
rf,3,pooled,all_months,rmse,0.9977942993506166,0.9357589369026382,1.0573111399069801,0.03226478480970458,1000
rf,3,pooled,all_months,pearson_r,0.039032247052138834,-0.08016172301744909,0.13369815391500092,0.053826404979457836,1000
rf,3,pooled,all_months,acc,0.09810230714256042,-0.013834524430330017,0.18206654247197493,0.04883509762987109,1000
rf,3,pooled,all_months,msss_vs_climatology,-0.013537672754649899,-0.07749012154734755,0.039367774227930405,0.02987036618094571,1000
rf,3,pooled,all_months,msss_vs_persistence,0.4295841303850385,0.340273522849427,0.5023571405801842,0.04063589481874764,1000
xgboost,3,pooled,all_months,mae,0.8472667576155872,0.7965390525690729,0.9024537231710579,0.027892485051292985,1000
xgboost,3,pooled,all_months,rmse,1.0308705016699016,0.9686908659096789,1.0964428754833464,0.033408243716043104,1000
xgboost,3,pooled,all_months,pearson_r,-0.01839662198994536,-0.11826531107108042,0.09590266485034725,0.055891129591493956,1000
xgboost,3,pooled,all_months,acc,0.032316145356044865,-0.07044533047844691,0.14533801372958374,0.05552540402676662,1000
xgboost,3,pooled,all_months,msss_vs_climatology,-0.08184759527806107,-0.1817139046995969,0.0021094908086391416,0.04804054016418588,1000
xgboost,3,pooled,all_months,msss_vs_persistence,0.3911395171190897,0.2853707804269951,0.4771866399703716,0.048064764388471674,1000
climatology,6,pooled,winter_only,mae,0.8665292185352161,0.782229359296195,0.9517107225945807,0.04557165768565059,1000
climatology,6,pooled,winter_only,rmse,1.0342465068365079,0.9353979886600751,1.1232277090892717,0.050559230983232645,1000
climatology,6,pooled,winter_only,pearson_r,-0.19598655099507167,-0.3065603505227852,-0.09860890623738587,0.05441089201986372,1000
climatology,6,pooled,winter_only,acc,,,,,1000
climatology,6,pooled,winter_only,msss_vs_climatology,0.0,0.0,0.0,0.0,1000
climatology,6,pooled,winter_only,msss_vs_persistence,0.3322416458646712,0.1292416606660559,0.4875199981421481,0.09568378854829143,1000
persistence,6,pooled,winter_only,mae,1.0015678693944006,0.8753279455027084,1.1363377891463657,0.06449396198838428,1000
persistence,6,pooled,winter_only,rmse,1.265652256356877,1.1240453597773228,1.4096198906400468,0.07100496170235966,1000
persistence,6,pooled,winter_only,pearson_r,0.13600711395221815,-0.07997645500106704,0.32711658508626407,0.10416285535427786,1000
persistence,6,pooled,winter_only,acc,0.14739004206455533,-0.07021561699344472,0.3333300761893248,0.10265265295124529,1000
persistence,6,pooled,winter_only,msss_vs_climatology,-0.49754771888235894,-0.9512958140841073,-0.14842502970627983,0.2167641004533319,1000
persistence,6,pooled,winter_only,msss_vs_persistence,0.0,0.0,0.0,0.0,1000
ar,6,pooled,winter_only,mae,0.8477370000544738,0.7671165389092076,0.9300490147206348,0.043816760305239025,1000
ar,6,pooled,winter_only,rmse,1.0125582079504554,0.9198623786059884,1.099204545003117,0.048747329403535766,1000
ar,6,pooled,winter_only,pearson_r,0.042182834439397916,-0.14421900335110602,0.21563659336392865,0.09378739388297716,1000
ar,6,pooled,winter_only,acc,0.27975810535509193,0.1845426310954838,0.3639888156204225,0.046663505217677134,1000
ar,6,pooled,winter_only,msss_vs_climatology,0.04150054239760226,0.02631280086556782,0.05557126877949427,0.0077503568994230195,1000
ar,6,pooled,winter_only,msss_vs_persistence,0.35995397975181753,0.1709456019750874,0.5046321453315709,0.08911674574469514,1000
ridge,6,pooled,winter_only,mae,0.8633162788444271,0.7840051577428633,0.9477416435391112,0.044359832677414446,1000
ridge,6,pooled,winter_only,rmse,1.0278430930947222,0.9362650961615793,1.1207635495222033,0.04939089675138191,1000
ridge,6,pooled,winter_only,pearson_r,0.014554894476107999,-0.20189087891015173,0.20233807688517857,0.10500564307268713,1000
ridge,6,pooled,winter_only,acc,0.08838603199481243,-0.11595122253294528,0.27860863766250155,0.10320678408796471,1000
ridge,6,pooled,winter_only,msss_vs_climatology,0.012344427975018335,-0.07522053623266645,0.0854645768940563,0.04228962737245191,1000
ridge,6,pooled,winter_only,msss_vs_persistence,0.3404847407720115,0.15555817386772494,0.483518121848659,0.08601938647289041,1000
lasso,6,pooled,winter_only,mae,0.8480800756174072,0.7644461566625473,0.9389777198033414,0.04587019387980109,1000
lasso,6,pooled,winter_only,rmse,1.0115248505938776,0.9130734923289455,1.1073181182794785,0.051220338059614595,1000
lasso,6,pooled,winter_only,pearson_r,0.0757950813250325,-0.22055603436554602,0.33354338962244784,0.140882028599706,1000
lasso,6,pooled,winter_only,acc,0.23543178982182936,0.00628904087993478,0.4365479866853842,0.11070141871810334,1000
lasso,6,pooled,winter_only,msss_vs_climatology,0.043455920466818676,-0.004185470049780486,0.08650605188335525,0.02357626750344849,1000
lasso,6,pooled,winter_only,msss_vs_persistence,0.36125969979302985,0.15383962860813044,0.5165501946916135,0.09394997344296806,1000
elasticnet,6,pooled,winter_only,mae,0.8479671620176454,0.765741693796996,0.9335346655356537,0.04461548511410918,1000
elasticnet,6,pooled,winter_only,rmse,1.0107288164349892,0.916234691526112,1.1004934353183327,0.04930416635974398,1000
elasticnet,6,pooled,winter_only,pearson_r,0.046615141252277593,-0.24034017875988703,0.282803791235359,0.13774860722522164,1000
elasticnet,6,pooled,winter_only,acc,0.22756192730664282,0.018920138869789604,0.4011278369888222,0.09730340046438476,1000
elasticnet,6,pooled,winter_only,msss_vs_climatology,0.044960860553109994,0.006644750840773987,0.0786181210530588,0.018080115128251282,1000
elasticnet,6,pooled,winter_only,msss_vs_persistence,0.362264636108124,0.16714698157631688,0.516500362200675,0.0913525037260772,1000
rf,6,pooled,winter_only,mae,0.837519443912479,0.7540463573575376,0.9299388013938648,0.04596718563708239,1000
rf,6,pooled,winter_only,rmse,1.0057929947093955,0.9115580365939305,1.110418584383555,0.05263487327472041,1000
rf,6,pooled,winter_only,pearson_r,0.13078835798139216,-0.1039563288483765,0.3198362722539895,0.11021186116874222,1000
rf,6,pooled,winter_only,acc,0.18778062995402017,-0.04391561431766022,0.370400883519242,0.10602806705627744,1000
rf,6,pooled,winter_only,msss_vs_climatology,0.054265815261575145,-0.05877060114401914,0.14257353590528116,0.05095448736780198,1000
rf,6,pooled,winter_only,msss_vs_persistence,0.3684780973495524,0.18555683809495285,0.5149751035455569,0.08823531134028917,1000
xgboost,6,pooled,winter_only,mae,0.8308662175945511,0.7575569955914676,0.9126901855175071,0.040668251591452306,1000
xgboost,6,pooled,winter_only,rmse,0.9957457924305212,0.9098781010953709,1.0821563574410642,0.045336824979059165,1000
xgboost,6,pooled,winter_only,pearson_r,0.15517468023418898,-0.060158872379465184,0.31548729401372333,0.0952099134556879,1000
xgboost,6,pooled,winter_only,acc,0.22514279063098944,0.03603573158587882,0.3704812711904573,0.084639527525298,1000
xgboost,6,pooled,winter_only,msss_vs_climatology,0.07306595299582497,0.004167475266326067,0.13646103309686108,0.032848191404907835,1000
xgboost,6,pooled,winter_only,msss_vs_persistence,0.3810320463804926,0.19983024252714549,0.5282688586268617,0.08572243890137599,1000
climatology,6,pooled,all_months,mae,0.8228092193712536,0.7704091049530356,0.8753852303429708,0.026758416034756673,1000
climatology,6,pooled,all_months,rmse,0.9903350156682439,0.9320727472747716,1.0457660785623157,0.02935081986395943,1000
climatology,6,pooled,all_months,pearson_r,-0.21927940095131665,-0.29324561143824995,-0.14994006269975188,0.037008456817431444,1000
climatology,6,pooled,all_months,acc,,,,,1000
climatology,6,pooled,all_months,msss_vs_climatology,0.0,0.0,0.0,0.0,1000
climatology,6,pooled,all_months,msss_vs_persistence,0.4140780419228125,0.32936652692719975,0.48534948506841724,0.041732815264008946,1000
persistence,6,pooled,all_months,mae,1.028125605884434,0.9401049029625321,1.1156152101500532,0.04664885970500689,1000
persistence,6,pooled,all_months,rmse,1.2937854056919393,1.1910710437416288,1.389279188098542,0.05257246731913302,1000
persistence,6,pooled,all_months,pearson_r,0.0765975502184475,-0.04551595025426944,0.18087657822336473,0.057934421892932936,1000
persistence,6,pooled,all_months,acc,0.09138373994226265,-0.03059921470968635,0.1931639730847417,0.05762226650250363,1000
persistence,6,pooled,all_months,msss_vs_climatology,-0.7067119369987209,-0.9430661838447069,-0.49112799692539016,0.11950537762090649,1000
persistence,6,pooled,all_months,msss_vs_persistence,0.0,0.0,0.0,0.0,1000
ar,6,pooled,all_months,mae,0.8051981801836527,0.7524524429705967,0.8582257864693805,0.02680096325953008,1000
ar,6,pooled,all_months,rmse,0.9708220039568768,0.9111323952285136,1.0256895778640525,0.029343976498546285,1000
ar,6,pooled,all_months,pearson_r,0.002300866021433992,-0.12004935665158427,0.11085052802105394,0.05951855072195434,1000
ar,6,pooled,all_months,acc,0.26872274315190214,0.18988530557890193,0.3441805927933701,0.03941647029005212,1000
ar,6,pooled,all_months,msss_vs_climatology,0.039018664648253765,0.02657622596761209,0.05377512174064103,0.006798112781124934,1000
ar,6,pooled,all_months,msss_vs_persistence,0.4369399343150745,0.35568428002883673,0.5033739104037372,0.0387246589999562,1000
ridge,6,pooled,all_months,mae,0.8271447699578718,0.7730302724265661,0.8801114636556884,0.02718224216260877,1000
ridge,6,pooled,all_months,rmse,0.9956614377140726,0.934337808700607,1.0556726156097773,0.030726087040130044,1000
ridge,6,pooled,all_months,pearson_r,0.008171323210828935,-0.1031511690672266,0.10291982456283817,0.05319571930422317,1000
ridge,6,pooled,all_months,acc,0.08689607863252458,-0.0225433986865098,0.18772283194959558,0.054808392423978475,1000
ridge,6,pooled,all_months,msss_vs_climatology,-0.010785735709200717,-0.05735261123718493,0.03343638626009743,0.023406893288127964,1000
ridge,6,pooled,all_months,msss_vs_persistence,0.4077584425367746,0.32083872375739253,0.475967264118466,0.04090143415932769,1000
lasso,6,pooled,all_months,mae,0.8129529564483596,0.7564986193340831,0.8686804900208451,0.028319414544112787,1000
lasso,6,pooled,all_months,rmse,0.978816984294048,0.9167545254429089,1.0365526465214432,0.03108907901125181,1000
lasso,6,pooled,all_months,pearson_r,-0.007743573139534739,-0.11469284555977739,0.09996768266025845,0.05491868179439323,1000
lasso,6,pooled,all_months,acc,0.1563471000015827,0.07124812291739822,0.25828576318508645,0.047110734960874194,1000
lasso,6,pooled,all_months,msss_vs_climatology,0.023125611656944267,-0.00024806060068502676,0.04609477967455035,0.012349466289383548,1000
lasso,6,pooled,all_months,msss_vs_persistence,0.42762784558658196,0.34412926574633723,0.4987909564431123,0.042036697924897955,1000
elasticnet,6,pooled,all_months,mae,0.8069971039437551,0.7534824284657795,0.860297590989952,0.027000561231208066,1000
elasticnet,6,pooled,all_months,rmse,0.9713395575251353,0.9110476111141654,1.028163071585434,0.029545228726195555,1000
elasticnet,6,pooled,all_months,pearson_r,0.02776508435693184,-0.09869607514745926,0.15184617297676858,0.06459534488877076,1000
elasticnet,6,pooled,all_months,acc,0.23296100638225287,0.13860314919404745,0.3274975613824004,0.047877069886819584,1000
elasticnet,6,pooled,all_months,msss_vs_climatology,0.03799377668654513,0.0170593823839571,0.057554400666373184,0.010170352185772289,1000
elasticnet,6,pooled,all_months,msss_vs_persistence,0.4363394299537404,0.3517274407388548,0.504869799335746,0.04149922369075255,1000
rf,6,pooled,all_months,mae,0.8335206843284667,0.7706642095813382,0.8945728374697824,0.03178772989722919,1000
rf,6,pooled,all_months,rmse,1.0051228320189787,0.934911289528815,1.0763978204310392,0.03696639423629149,1000
rf,6,pooled,all_months,pearson_r,-0.03171378946279708,-0.15978782392408544,0.1034642538121113,0.07025108931976513,1000
rf,6,pooled,all_months,acc,0.0382643081702835,-0.09805166358030849,0.17420956060453507,0.07027301408595785,1000
rf,6,pooled,all_months,msss_vs_climatology,-0.03008723906876898,-0.09754923341126222,0.03512196001661228,0.033967437068472356,1000
rf,6,pooled,all_months,msss_vs_persistence,0.39644926789450297,0.29993803032263716,0.46990424177904005,0.044233524488747,1000
xgboost,6,pooled,all_months,mae,0.8301530506273852,0.7734930467372068,0.8883828974266402,0.028662339176730098,1000
xgboost,6,pooled,all_months,rmse,1.0016494923889507,0.93809633621472,1.0670766048443492,0.032655122314404324,1000
xgboost,6,pooled,all_months,pearson_r,-0.0052089227123080775,-0.1189170681331292,0.11252889213519908,0.0583774887590797,1000
xgboost,6,pooled,all_months,acc,0.07135110397476209,-0.038934834208555445,0.20146084774815928,0.06096218258097422,1000
xgboost,6,pooled,all_months,msss_vs_climatology,-0.02298032466375166,-0.09088662121996788,0.03985809613674582,0.03348134461269095,1000
xgboost,6,pooled,all_months,msss_vs_persistence,0.4006133650985777,0.29928756665557843,0.4772211504151676,0.04686653511646372,1000
